Date,Country/Region,Confirmed,Deaths,Recovered,Active,New cases,New deaths,New recovered,WHO Region
2020-01-22,India,0,0,0,0,0,0,0,South-East Asia
2020-01-22,Kenya,0,0,0,0,0,0,0,Africa
2020-01-22,US,1,0,0,1,0,0,0,Americas
2020-01-23,India,0,0,0,0,0,0,0,South-East Asia
2020-01-23,Kenya,0,0,0,0,0,0,0,Africa
2020-01-23,US,1,0,0,1,0,0,0,Americas
2020-01-24,India,0,0,0,0,0,0,0,South-East Asia
2020-01-24,Kenya,0,0,0,0,0,0,0,Africa
2020-01-24,US,2,0,0,2,1,0,0,Americas
2020-01-25,India,0,0,0,0,0,0,0,South-East Asia
2020-01-25,Kenya,0,0,0,0,0,0,0,Africa
2020-01-25,US,2,0,0,2,0,0,0,Americas
2020-01-26,India,0,0,0,0,0,0,0,South-East Asia
2020-01-26,Kenya,0,0,0,0,0,0,0,Africa
2020-01-26,US,5,0,0,5,3,0,0,Americas
2020-01-27,India,0,0,0,0,0,0,0,South-East Asia
2020-01-27,Kenya,0,0,0,0,0,0,0,Africa
2020-01-27,US,5,0,0,5,0,0,0,Americas
2020-01-28,India,0,0,0,0,0,0,0,South-East Asia
2020-01-28,Kenya,0,0,0,0,0,0,0,Africa
2020-01-28,US,5,0,0,5,0,0,0,Americas
2020-01-29,India,0,0,0,0,0,0,0,South-East Asia
2020-01-29,Kenya,0,0,0,0,0,0,0,Africa
2020-01-29,US,5,0,0,5,0,0,0,Americas
2020-01-30,India,1,0,0,1,1,0,0,South-East Asia
2020-01-30,Kenya,0,0,0,0,0,0,0,Africa
2020-01-30,US,5,0,0,5,0,0,0,Americas
2020-01-31,India,1,0,0,1,0,0,0,South-East Asia
2020-01-31,Kenya,0,0,0,0,0,0,0,Africa
2020-01-31,US,7,0,0,7,2,0,0,Americas
2020-02-01,India,1,0,0,1,0,0,0,South-East Asia
2020-02-01,Kenya,0,0,0,0,0,0,0,Africa
2020-02-01,US,8,0,0,8,1,0,0,Americas
2020-02-02,India,2,0,0,2,1,0,0,South-East Asia
2020-02-02,Kenya,0,0,0,0,0,0,0,Africa
2020-02-02,US,8,0,0,8,0,0,0,Americas
2020-02-03,India,3,0,0,3,1,0,0,South-East Asia
2020-02-03,Kenya,0,0,0,0,0,0,0,Africa
2020-02-03,US,11,0,0,11,3,0,0,Americas
2020-02-04,India,3,0,0,3,0,0,0,South-East Asia
2020-02-04,Kenya,0,0,0,0,0,0,0,Africa
2020-02-04,US,11,0,0,11,0,0,0,Americas
2020-02-05,India,3,0,0,3,0,0,0,South-East Asia
2020-02-05,Kenya,0,0,0,0,0,0,0,Africa
2020-02-05,US,11,0,0,11,0,0,0,Americas
2020-02-06,India,3,0,0,3,0,0,0,South-East Asia
2020-02-06,Kenya,0,0,0,0,0,0,0,Africa
2020-02-06,US,11,0,0,11,0,0,0,Americas
2020-02-07,India,3,0,0,3,0,0,0,South-East Asia
2020-02-07,Kenya,0,0,0,0,0,0,0,Africa
2020-02-07,US,11,0,0,11,0,0,0,Americas
2020-02-08,India,3,0,0,3,0,0,0,South-East Asia
2020-02-08,Kenya,0,0,0,0,0,0,0,Africa
2020-02-08,US,11,0,0,11,0,0,0,Americas
2020-02-09,India,3,0,0,3,0,0,0,South-East Asia
2020-02-09,Kenya,0,0,0,0,0,0,0,Africa
2020-02-09,US,11,0,3,8,0,0,3,Americas
2020-02-10,India,3,0,0,3,0,0,0,South-East Asia
2020-02-10,Kenya,0,0,0,0,0,0,0,Africa
2020-02-10,US,11,0,3,8,0,0,0,Americas
2020-02-11,India,3,0,0,3,0,0,0,South-East Asia
2020-02-11,Kenya,0,0,0,0,0,0,0,Africa
2020-02-11,US,12,0,3,9,1,0,0,Americas
2020-02-12,India,3,0,0,3,0,0,0,South-East Asia
2020-02-12,Kenya,0,0,0,0,0,0,0,Africa
2020-02-12,US,12,0,3,9,0,0,0,Americas
2020-02-13,India,3,0,0,3,0,0,0,South-East Asia
2020-02-13,Kenya,0,0,0,0,0,0,0,Africa
2020-02-13,US,13,0,3,10,1,0,0,Americas
2020-02-14,India,3,0,0,3,0,0,0,South-East Asia
2020-02-14,Kenya,0,0,0,0,0,0,0,Africa
2020-02-14,US,13,0,3,10,0,0,0,Americas
2020-02-15,India,3,0,0,3,0,0,0,South-East Asia
2020-02-15,Kenya,0,0,0,0,0,0,0,Africa
2020-02-15,US,13,0,3,10,0,0,0,Americas
2020-02-16,India,3,0,3,0,0,0,3,South-East Asia
2020-02-16,Kenya,0,0,0,0,0,0,0,Africa
2020-02-16,US,13,0,3,10,0,0,0,Americas
2020-02-17,India,3,0,3,0,0,0,0,South-East Asia
2020-02-17,Kenya,0,0,0,0,0,0,0,Africa
2020-02-17,US,13,0,3,10,0,0,0,Americas
2020-02-18,India,3,0,3,0,0,0,0,South-East Asia
2020-02-18,Kenya,0,0,0,0,0,0,0,Africa
2020-02-18,US,13,0,3,10,0,0,0,Americas
2020-02-19,India,3,0,3,0,0,0,0,South-East Asia
2020-02-19,Kenya,0,0,0,0,0,0,0,Africa
2020-02-19,US,13,0,3,10,0,0,0,Americas
2020-02-20,India,3,0,3,0,0,0,0,South-East Asia
2020-02-20,Kenya,0,0,0,0,0,0,0,Africa
2020-02-20,US,13,0,3,10,0,0,0,Americas
2020-02-21,India,3,0,3,0,0,0,0,South-East Asia
2020-02-21,Kenya,0,0,0,0,0,0,0,Africa
2020-02-21,US,15,0,5,10,2,0,2,Americas
2020-02-22,India,3,0,3,0,0,0,0,South-East Asia
2020-02-22,Kenya,0,0,0,0,0,0,0,Africa
2020-02-22,US,15,0,5,10,0,0,0,Americas
2020-02-23,India,3,0,3,0,0,0,0,South-East Asia
2020-02-23,Kenya,0,0,0,0,0,0,0,Africa
2020-02-23,US,15,0,5,10,0,0,0,Americas
2020-02-24,India,3,0,3,0,0,0,0,South-East Asia
2020-02-24,Kenya,0,0,0,0,0,0,0,Africa
2020-02-24,US,15,0,5,10,0,0,0,Americas
2020-02-25,India,3,0,3,0,0,0,0,South-East Asia
2020-02-25,Kenya,0,0,0,0,0,0,0,Africa
2020-02-25,US,15,0,6,9,0,0,1,Americas
2020-02-26,India,3,0,3,0,0,0,0,South-East Asia
2020-02-26,Kenya,0,0,0,0,0,0,0,Africa
2020-02-26,US,15,0,6,9,0,0,0,Americas
2020-02-27,India,3,0,3,0,0,0,0,South-East Asia
2020-02-27,Kenya,0,0,0,0,0,0,0,Africa
2020-02-27,US,16,0,6,10,1,0,0,Americas
2020-02-28,India,3,0,3,0,0,0,0,South-East Asia
2020-02-28,Kenya,0,0,0,0,0,0,0,Africa
2020-02-28,US,16,0,7,9,0,0,1,Americas
2020-02-29,India,3,0,3,0,0,0,0,South-East Asia
2020-02-29,Kenya,0,0,0,0,0,0,0,Africa
2020-02-29,US,24,1,7,16,8,1,0,Americas
2020-03-01,India,3,0,3,0,0,0,0,South-East Asia
2020-03-01,Kenya,0,0,0,0,0,0,0,Africa
2020-03-01,US,30,1,7,22,6,0,0,Americas
2020-03-02,India,5,0,3,2,2,0,0,South-East Asia
2020-03-02,Kenya,0,0,0,0,0,0,0,Africa
2020-03-02,US,53,6,7,40,23,5,0,Americas
2020-03-03,India,5,0,3,2,0,0,0,South-East Asia
2020-03-03,Kenya,0,0,0,0,0,0,0,Africa
2020-03-03,US,73,7,7,59,20,1,0,Americas
2020-03-04,India,28,0,3,25,23,0,0,South-East Asia
2020-03-04,Kenya,0,0,0,0,0,0,0,Africa
2020-03-04,US,104,11,7,86,31,4,0,Americas
2020-03-05,India,30,0,3,27,2,0,0,South-East Asia
2020-03-05,Kenya,0,0,0,0,0,0,0,Africa
2020-03-05,US,174,12,7,155,70,1,0,Americas
2020-03-06,India,31,0,3,28,1,0,0,South-East Asia
2020-03-06,Kenya,0,0,0,0,0,0,0,Africa
2020-03-06,US,222,14,7,201,48,2,0,Americas
2020-03-07,India,34,0,3,31,3,0,0,South-East Asia
2020-03-07,Kenya,0,0,0,0,0,0,0,Africa
2020-03-07,US,337,17,7,313,115,3,0,Americas
2020-03-08,India,39,0,3,36,5,0,0,South-East Asia
2020-03-08,Kenya,0,0,0,0,0,0,0,Africa
2020-03-08,US,451,21,7,423,114,4,0,Americas
2020-03-09,India,43,0,3,40,4,0,0,South-East Asia
2020-03-09,Kenya,0,0,0,0,0,0,0,Africa
2020-03-09,US,519,22,7,490,68,1,0,Americas
2020-03-10,India,56,0,4,52,13,0,1,South-East Asia
2020-03-10,Kenya,0,0,0,0,0,0,0,Africa
2020-03-10,US,711,28,8,675,192,6,1,Americas
2020-03-11,India,62,1,4,57,6,1,0,South-East Asia
2020-03-11,Kenya,0,0,0,0,0,0,0,Africa
2020-03-11,US,1109,33,8,1068,398,5,0,Americas
2020-03-12,India,73,1,4,68,11,0,0,South-East Asia
2020-03-12,Kenya,0,0,0,0,0,0,0,Africa
2020-03-12,US,1561,43,12,1506,452,10,4,Americas
2020-03-13,India,82,2,4,76,9,1,0,South-East Asia
2020-03-13,Kenya,1,0,0,1,1,0,0,Africa
2020-03-13,US,2157,52,12,2093,596,9,0,Americas
2020-03-14,India,102,2,4,96,20,0,0,South-East Asia
2020-03-14,Kenya,1,0,0,1,0,0,0,Africa
2020-03-14,US,2870,58,12,2800,713,6,0,Americas
2020-03-15,India,113,2,13,98,11,0,9,South-East Asia
2020-03-15,Kenya,3,0,0,3,2,0,0,Africa
2020-03-15,US,2968,70,12,2886,98,12,0,Americas
2020-03-16,India,119,2,13,104,6,0,0,South-East Asia
2020-03-16,Kenya,3,0,0,3,0,0,0,Africa
2020-03-16,US,4360,97,17,4246,1392,27,5,Americas
2020-03-17,India,142,3,14,125,23,1,1,South-East Asia
2020-03-17,Kenya,3,0,0,3,0,0,0,Africa
2020-03-17,US,6141,131,17,5993,1781,34,0,Americas
2020-03-18,India,156,3,14,139,14,0,0,South-East Asia
2020-03-18,Kenya,3,0,0,3,0,0,0,Africa
2020-03-18,US,8917,188,105,8624,2776,57,88,Americas
2020-03-19,India,194,4,15,175,38,1,1,South-East Asia
2020-03-19,Kenya,7,0,0,7,4,0,0,Africa
2020-03-19,US,14157,265,121,13771,5240,77,16,Americas
2020-03-20,India,244,5,20,219,50,1,5,South-East Asia
2020-03-20,Kenya,7,0,0,7,0,0,0,Africa
2020-03-20,US,19479,362,147,18970,5322,97,26,Americas
2020-03-21,India,330,4,23,303,86,-1,3,South-East Asia
2020-03-21,Kenya,7,0,0,7,0,0,0,Africa
2020-03-21,US,25825,456,176,25193,6346,94,29,Americas
2020-03-22,India,396,7,27,362,66,3,4,South-East Asia
2020-03-22,Kenya,15,0,0,15,8,0,0,Africa
2020-03-22,US,33761,601,178,32982,7936,145,2,Americas
2020-03-23,India,499,10,27,462,103,3,0,South-East Asia
2020-03-23,Kenya,16,0,0,16,1,0,0,Africa
2020-03-23,US,43850,784,178,42888,10089,183,0,Americas
2020-03-24,India,536,10,40,486,37,0,13,South-East Asia
2020-03-24,Kenya,25,0,0,25,9,0,0,Africa
2020-03-24,US,54112,1021,348,52743,10262,237,170,Americas
2020-03-25,India,657,12,43,602,121,2,3,South-East Asia
2020-03-25,Kenya,28,0,1,27,3,0,1,Africa
2020-03-25,US,66055,1333,361,64361,11943,312,13,Americas
2020-03-26,India,727,20,45,662,70,8,2,South-East Asia
2020-03-26,Kenya,31,1,1,29,3,1,0,Africa
2020-03-26,US,84091,1746,681,81664,18036,413,320,Americas
2020-03-27,India,887,20,73,794,160,0,28,South-East Asia
2020-03-27,Kenya,31,1,1,29,0,0,0,Africa
2020-03-27,US,102276,2300,869,99107,18185,554,188,Americas
2020-03-28,India,987,24,84,879,100,4,11,South-East Asia
2020-03-28,Kenya,38,1,1,36,7,0,0,Africa
2020-03-28,US,122069,2934,1072,118063,19793,634,203,Americas
2020-03-29,India,1024,27,95,902,37,3,11,South-East Asia
2020-03-29,Kenya,42,1,1,40,4,0,0,Africa
2020-03-29,US,141205,3561,2665,134979,19136,627,1593,Americas
2020-03-30,India,1251,32,102,1117,227,5,7,South-East Asia
2020-03-30,Kenya,50,1,1,48,8,0,0,Africa
2020-03-30,US,162707,4381,5644,152682,21502,820,2979,Americas
2020-03-31,India,1397,35,123,1239,146,3,21,South-East Asia
2020-03-31,Kenya,59,1,1,57,9,0,0,Africa
2020-03-31,US,188724,5605,7024,176095,26017,1224,1380,Americas
2020-04-01,India,1998,58,148,1792,601,23,25,South-East Asia
2020-04-01,Kenya,81,1,3,77,22,0,2,Africa
2020-04-01,US,214205,6846,8474,198885,25481,1241,1450,Americas
2020-04-02,India,2543,72,191,2280,545,14,43,South-East Asia
2020-04-02,Kenya,110,3,4,103,29,2,1,Africa
2020-04-02,US,244610,8432,9001,227177,30405,1586,527,Americas
2020-04-03,India,2567,72,192,2303,24,0,1,South-East Asia
2020-04-03,Kenya,122,4,4,114,12,1,0,Africa
2020-04-03,US,276547,9747,9707,257093,31937,1315,706,Americas
2020-04-04,India,3082,86,229,2767,515,14,37,South-East Asia
2020-04-04,Kenya,126,4,4,118,4,0,0,Africa
2020-04-04,US,309699,11031,14652,284016,33152,1284,4945,Americas
2020-04-05,India,3588,99,229,3260,506,13,0,South-East Asia
2020-04-05,Kenya,142,4,4,134,16,0,0,Africa
2020-04-05,US,337573,12470,17448,307655,27874,1439,2796,Americas
2020-04-06,India,4778,136,375,4267,1190,37,146,South-East Asia
2020-04-06,Kenya,158,6,4,148,16,2,0,Africa
2020-04-06,US,367215,14138,19581,333496,29642,1668,2133,Americas
2020-04-07,India,5311,150,421,4740,533,14,46,South-East Asia
2020-04-07,Kenya,172,6,7,159,14,0,3,Africa
2020-04-07,US,397992,16447,21763,359782,30777,2309,2182,Americas
2020-04-08,India,5916,178,506,5232,605,28,85,South-East Asia
2020-04-08,Kenya,179,6,9,164,7,0,2,Africa
2020-04-08,US,429686,18563,23559,387564,31694,2116,1796,Americas
2020-04-09,India,6725,226,620,5879,809,48,114,South-East Asia
2020-04-09,Kenya,184,7,12,165,5,1,3,Africa
2020-04-09,US,464442,20638,25410,418394,34756,2075,1851,Americas
2020-04-10,India,7598,246,774,6578,873,20,154,South-East Asia
2020-04-10,Kenya,189,7,22,160,5,0,10,Africa
2020-04-10,US,497943,22731,28790,446422,33501,2093,3380,Americas
2020-04-11,India,8446,288,969,7189,848,42,195,South-East Asia
2020-04-11,Kenya,191,7,24,160,2,0,2,Africa
2020-04-11,US,527969,24777,31270,471922,30026,2046,2480,Americas
2020-04-12,India,9205,331,1080,7794,759,43,111,South-East Asia
2020-04-12,Kenya,197,8,25,164,6,1,1,Africa
2020-04-12,US,556522,26548,32988,496986,28553,1771,1718,Americas
2020-04-13,India,10453,358,1181,8914,1248,27,101,South-East Asia
2020-04-13,Kenya,208,9,40,159,11,1,15,Africa
2020-04-13,US,581813,28376,43482,509955,25291,1828,10494,Americas
2020-04-14,India,11487,393,1359,9735,1034,35,178,South-East Asia
2020-04-14,Kenya,216,9,41,166,8,0,1,Africa
2020-04-14,US,608878,30780,47763,530335,27065,2404,4281,Americas
2020-04-15,India,12322,405,1432,10485,835,12,73,South-East Asia
2020-04-15,Kenya,225,10,53,162,9,1,12,Africa
2020-04-15,US,637974,33329,52096,552549,29096,2549,4333,Americas
2020-04-16,India,13430,448,1768,11214,1108,43,336,South-East Asia
2020-04-16,Kenya,234,11,53,170,9,1,0,Africa
2020-04-16,US,669272,35442,54703,579127,31298,2113,2607,Americas
2020-04-17,India,14352,486,2041,11825,922,38,273,South-East Asia
2020-04-17,Kenya,246,11,53,182,12,0,0,Africa
2020-04-17,US,701996,38056,58545,605395,32724,2614,3842,Americas
2020-04-18,India,15722,521,2463,12738,1370,35,422,South-East Asia
2020-04-18,Kenya,262,12,60,190,16,1,7,Africa
2020-04-18,US,730337,40442,64840,625055,28341,2386,6295,Americas
2020-04-19,India,17615,559,2854,14202,1893,38,391,South-East Asia
2020-04-19,Kenya,270,14,67,189,8,2,7,Africa
2020-04-19,US,756375,41671,70337,644367,26038,1229,5497,Americas
2020-04-20,India,18539,592,3273,14674,924,33,419,South-East Asia
2020-04-20,Kenya,281,14,69,198,11,0,2,Africa
2020-04-20,US,783716,43466,72329,667921,27341,1795,1992,Americas
2020-04-21,India,20080,645,3975,15460,1541,53,702,South-East Asia
2020-04-21,Kenya,296,14,74,208,15,0,5,Africa
2020-04-21,US,809318,45923,75204,688191,25602,2457,2875,Americas
2020-04-22,India,21370,681,4370,16319,1290,36,395,South-East Asia
2020-04-22,Kenya,303,14,74,215,7,0,0,Africa
2020-04-22,US,837422,48312,77366,711744,28104,2389,2162,Americas
2020-04-23,India,23077,721,5012,17344,1707,40,642,South-East Asia
2020-04-23,Kenya,320,14,89,217,17,0,15,Africa
2020-04-23,US,871617,50749,80203,740665,34195,2437,2837,Americas
2020-04-24,India,24530,780,5498,18252,1453,59,486,South-East Asia
2020-04-24,Kenya,336,14,94,228,16,0,5,Africa
2020-04-24,US,907908,52867,99079,755962,36291,2118,18876,Americas
2020-04-25,India,26283,825,5939,19519,1753,45,441,South-East Asia
2020-04-25,Kenya,343,14,98,231,7,0,4,Africa
2020-04-25,US,940829,54517,100372,785940,32921,1650,1293,Americas
2020-04-26,India,27890,881,6523,20486,1607,56,584,South-East Asia
2020-04-26,Kenya,355,14,106,235,12,0,8,Africa
2020-04-26,US,968518,55810,106988,805720,27689,1293,6616,Americas
2020-04-27,India,29451,939,7137,21375,1561,58,614,South-East Asia
2020-04-27,Kenya,363,14,114,235,8,0,8,Africa
2020-04-27,US,990983,57235,111424,822324,22465,1425,4436,Americas
2020-04-28,India,31324,1008,7747,22569,1873,69,610,South-East Asia
2020-04-28,Kenya,374,14,124,236,11,0,10,Africa
2020-04-28,US,1015518,59454,115936,840128,24535,2219,4512,Americas
2020-04-29,India,33062,1079,8437,23546,1738,71,690,South-East Asia
2020-04-29,Kenya,384,15,129,240,10,1,5,Africa
2020-04-29,US,1043038,61960,120720,860358,27520,2506,4784,Americas
2020-04-30,India,34863,1154,9068,24641,1801,75,631,South-East Asia
2020-04-30,Kenya,396,17,144,235,12,2,15,Africa
2020-04-30,US,1072667,64256,153947,854464,29629,2296,33227,Americas
2020-05-01,India,37257,1223,10007,26027,2394,69,939,South-East Asia
2020-05-01,Kenya,411,21,150,240,15,4,6,Africa
2020-05-01,US,1106829,66125,164015,876689,34162,1869,10068,Americas
2020-05-02,India,39699,1323,10819,27557,2442,100,812,South-East Asia
2020-05-02,Kenya,435,22,152,261,24,1,2,Africa
2020-05-02,US,1136024,67681,175382,892961,29195,1556,11367,Americas
2020-05-03,India,42505,1391,11775,29339,2806,68,956,South-East Asia
2020-05-03,Kenya,465,24,167,274,30,2,15,Africa
2020-05-03,US,1161611,68777,180152,912682,25587,1096,4770,Americas
2020-05-04,India,46437,1566,12847,32024,3932,175,1072,South-East Asia
2020-05-04,Kenya,490,24,173,293,25,0,6,Africa
2020-05-04,US,1184086,70086,187180,926820,22475,1309,7028,Americas
2020-05-05,India,49400,1693,14142,33565,2963,127,1295,South-East Asia
2020-05-05,Kenya,535,24,182,329,45,0,9,Africa
2020-05-05,US,1208271,72393,189791,946087,24185,2307,2611,Americas
2020-05-06,India,52987,1785,15331,35871,3587,92,1189,South-East Asia
2020-05-06,Kenya,582,26,190,366,47,2,8,Africa
2020-05-06,US,1233527,74851,189910,968766,25256,2458,119,Americas
2020-05-07,India,56351,1889,16776,37686,3364,104,1445,South-East Asia
2020-05-07,Kenya,607,29,197,381,25,3,7,Africa
2020-05-07,US,1261409,76770,195036,989603,27882,1919,5126,Americas
2020-05-08,India,59695,1985,17887,39823,3344,96,1111,South-East Asia
2020-05-08,Kenya,621,29,202,390,14,0,5,Africa
2020-05-08,US,1288587,78497,198993,1011097,27178,1727,3957,Americas
2020-05-09,India,62808,2101,19301,41406,3113,116,1414,South-East Asia
2020-05-09,Kenya,649,30,207,412,28,1,5,Africa
2020-05-09,US,1314320,79976,212534,1021810,25733,1479,13541,Americas
2020-05-10,India,67161,2212,20969,43980,4353,111,1668,South-East Asia
2020-05-10,Kenya,672,32,239,401,23,2,32,Africa
2020-05-10,US,1334084,80855,216169,1037060,19764,879,3635,Americas
2020-05-11,India,70768,2294,22549,45925,3607,82,1580,South-East Asia
2020-05-11,Kenya,700,33,251,416,28,1,12,Africa
2020-05-11,US,1352962,81868,232733,1038361,18878,1013,16564,Americas
2020-05-12,India,74292,2415,24420,47457,3524,121,1871,South-East Asia
2020-05-12,Kenya,715,36,259,420,15,3,8,Africa
2020-05-12,US,1375152,83483,230287,1061382,22190,1615,-2446,Americas
2020-05-13,India,78055,2551,26400,49104,3763,136,1980,South-East Asia
2020-05-13,Kenya,737,40,281,416,22,4,22,Africa
2020-05-13,US,1396110,85234,243430,1067446,20958,1751,13143,Americas
2020-05-14,India,81997,2649,27969,51379,3942,98,1569,South-East Asia
2020-05-14,Kenya,758,42,284,432,21,2,3,Africa
2020-05-14,US,1423727,87008,246414,1090305,27617,1774,2984,Americas
2020-05-15,India,85784,2753,30258,52773,3787,104,2289,South-East Asia
2020-05-15,Kenya,781,45,284,452,23,3,0,Africa
2020-05-15,US,1449027,88669,250747,1109611,25300,1661,4333,Americas
2020-05-16,India,90648,2871,34224,53553,4864,118,3966,South-East Asia
2020-05-16,Kenya,830,50,301,479,49,5,17,Africa
2020-05-16,US,1474128,89892,268376,1115860,25101,1223,17629,Americas
2020-05-17,India,95698,3025,36795,55878,5050,154,2571,South-East Asia
2020-05-17,Kenya,887,50,313,524,57,0,12,Africa
2020-05-17,US,1493132,90644,272265,1130223,19004,752,3889,Americas
2020-05-18,India,100328,3156,39233,57939,4630,131,2438,South-East Asia
2020-05-18,Kenya,912,50,336,526,25,0,23,Africa
2020-05-18,US,1514901,91414,283178,1140309,21769,770,10913,Americas
2020-05-19,India,106475,3302,42309,60864,6147,146,3076,South-East Asia
2020-05-19,Kenya,963,50,358,555,51,0,22,Africa
2020-05-19,US,1535350,92965,289392,1152993,20449,1551,6214,Americas
2020-05-20,India,112028,3434,45422,63172,5553,132,3113,South-East Asia
2020-05-20,Kenya,1029,50,366,613,66,0,8,Africa
2020-05-20,US,1559157,94533,294312,1170312,23807,1568,4920,Americas
2020-05-21,India,118226,3584,48553,66089,6198,150,3131,South-East Asia
2020-05-21,Kenya,1109,50,375,684,80,0,9,Africa
2020-05-21,US,1584512,95756,298418,1190338,25355,1223,4106,Americas
2020-05-22,India,124794,3726,51824,69244,6568,142,3271,South-East Asia
2020-05-22,Kenya,1161,50,380,731,52,0,5,Africa
2020-05-22,US,1608653,97025,350135,1161493,24141,1269,51717,Americas
2020-05-23,India,131423,3868,54385,73170,6629,142,2561,South-East Asia
2020-05-23,Kenya,1192,50,380,762,31,0,0,Africa
2020-05-23,US,1630476,98146,361239,1171091,21823,1121,11104,Americas
2020-05-24,India,138536,4024,57692,76820,7113,156,3307,South-East Asia
2020-05-24,Kenya,1214,51,383,780,22,1,3,Africa
2020-05-24,US,1651289,98754,366736,1185799,20813,608,5497,Americas
2020-05-25,India,144950,4172,60706,80072,6414,148,3014,South-East Asia
2020-05-25,Kenya,1286,52,402,832,72,1,19,Africa
2020-05-25,US,1670280,99267,379157,1191856,18991,513,12421,Americas
2020-05-26,India,150793,4344,64277,82172,5843,172,3571,South-East Asia
2020-05-26,Kenya,1348,52,405,891,62,0,3,Africa
2020-05-26,US,1689163,99952,384902,1204309,18883,685,5745,Americas
2020-05-27,India,158086,4534,67749,85803,7293,190,3472,South-East Asia
2020-05-27,Kenya,1471,55,408,1008,123,3,3,Africa
2020-05-27,US,1707445,101461,391508,1214476,18282,1509,6606,Americas
2020-05-28,India,165386,4711,70920,89755,7300,177,3171,South-East Asia
2020-05-28,Kenya,1618,58,421,1139,147,3,13,Africa
2020-05-28,US,1730260,102643,399991,1227626,22815,1182,8483,Americas
2020-05-29,India,173491,4980,82627,85884,8105,269,11707,South-East Asia
2020-05-29,Kenya,1745,62,438,1245,127,4,17,Africa
2020-05-29,US,1754764,103809,406446,1244509,24504,1166,6455,Americas
2020-05-30,India,181827,5185,86936,89706,8336,205,4309,South-East Asia
2020-05-30,Kenya,1888,63,464,1361,143,1,26,Africa
2020-05-30,US,1779214,104778,416461,1257975,24450,969,10015,Americas
2020-05-31,India,190609,5408,91852,93349,8782,223,4916,South-East Asia
2020-05-31,Kenya,1962,64,478,1420,74,1,14,Africa
2020-05-31,US,1799124,105364,444758,1249002,19910,586,28297,Americas
2020-06-01,India,198370,5608,95754,97008,7761,200,3902,South-East Asia
2020-06-01,Kenya,2021,69,482,1470,59,5,4,Africa
2020-06-01,US,1816479,106136,458231,1252112,17355,772,13473,Americas
2020-06-02,India,207191,5829,100285,101077,8821,221,4531,South-East Asia
2020-06-02,Kenya,2093,71,499,1523,72,2,17,Africa
2020-06-02,US,1837374,107169,463868,1266337,20895,1033,5637,Americas
2020-06-03,India,216824,6088,104071,106665,9633,259,3786,South-East Asia
2020-06-03,Kenya,2216,74,553,1589,123,3,54,Africa
2020-06-03,US,1857332,108159,479258,1269915,19958,990,15390,Americas
2020-06-04,India,226713,6363,108450,111900,9889,275,4379,South-East Asia
2020-06-04,Kenya,2340,78,592,1670,124,4,39,Africa
2020-06-04,US,1878683,109168,485002,1284513,21351,1009,5744,Americas
2020-06-05,India,236184,6649,113233,116302,9471,286,4783,South-East Asia
2020-06-05,Kenya,2474,79,643,1752,134,1,51,Africa
2020-06-05,US,1903907,110138,491706,1302063,25224,970,6704,Americas
2020-06-06,India,246622,6946,118695,120981,10438,297,5462,South-East Asia
2020-06-06,Kenya,2600,83,706,1811,126,4,63,Africa
2020-06-06,US,1926639,110818,500849,1314972,22732,680,9143,Americas
2020-06-07,India,257486,7207,123848,126431,10864,261,5153,South-East Asia
2020-06-07,Kenya,2767,84,752,1931,167,1,46,Africa
2020-06-07,US,1944370,111269,506367,1326734,17731,451,5518,Americas
2020-06-08,India,265928,7473,129095,129360,8442,266,5247,South-East Asia
2020-06-08,Kenya,2872,85,849,1938,105,1,97,Africa
2020-06-08,US,1961785,111774,518522,1331489,17415,505,12155,Americas
2020-06-09,India,276146,7750,134670,133726,10218,277,5575,South-East Asia
2020-06-09,Kenya,2989,88,873,2028,117,3,24,Africa
2020-06-09,US,1979912,112714,524855,1342343,18127,940,6333,Americas
2020-06-10,India,286605,8102,135206,143297,10459,352,536,South-East Asia
2020-06-10,Kenya,3094,89,1048,1957,105,1,175,Africa
2020-06-10,US,2000706,113631,533504,1353571,20794,917,8649,Americas
2020-06-11,India,297535,8498,147195,141842,10930,396,11989,South-East Asia
2020-06-11,Kenya,3215,92,1092,2031,121,3,44,Africa
2020-06-11,US,2023656,114512,540292,1368852,22950,881,6788,Americas
2020-06-12,India,308993,8884,154330,145779,11458,386,7135,South-East Asia
2020-06-12,Kenya,3305,96,1164,2045,90,4,72,Africa
2020-06-12,US,2048986,115334,547386,1386266,25330,822,7094,Americas
2020-06-13,India,320922,9195,162379,149348,11929,311,8049,South-East Asia
2020-06-13,Kenya,3457,100,1221,2136,152,4,57,Africa
2020-06-13,US,2074542,116084,556606,1401852,25556,750,9220,Americas
2020-06-14,India,332424,9520,169798,153106,11502,325,7419,South-East Asia
2020-06-14,Kenya,3594,103,1253,2238,137,3,32,Africa
2020-06-14,US,2094366,116382,561816,1416168,19824,298,5210,Americas
2020-06-15,India,343091,9900,180013,153178,10667,380,10215,South-East Asia
2020-06-15,Kenya,3727,104,1286,2337,133,1,33,Africa
2020-06-15,US,2114026,116773,576334,1420919,19660,391,14518,Americas
2020-06-16,India,354065,11903,186935,155227,10974,2003,6922,South-East Asia
2020-06-16,Kenya,3860,105,1328,2427,133,1,42,Africa
2020-06-16,US,2137731,117612,583503,1436616,23705,839,7169,Americas
2020-06-17,India,366946,12237,194325,160384,12881,334,7390,South-East Asia
2020-06-17,Kenya,4044,107,1353,2584,184,2,25,Africa
2020-06-17,US,2163290,118363,592191,1452736,25559,751,8688,Americas
2020-06-18,India,380532,12573,204711,163248,13586,336,10386,South-East Asia
2020-06-18,Kenya,4257,117,1459,2681,213,10,106,Africa
2020-06-18,US,2191099,119067,599115,1472917,27809,704,6924,Americas
2020-06-19,India,395048,12948,213831,168269,14516,375,9120,South-East Asia
2020-06-19,Kenya,4374,119,1550,2705,117,2,91,Africa
2020-06-19,US,2222579,119739,606715,1496125,31480,672,7600,Americas
2020-06-20,India,410451,13254,227728,169469,15403,306,13897,South-East Asia
2020-06-20,Kenya,4478,121,1586,2771,104,2,36,Africa
2020-06-20,US,2255328,120349,617460,1517519,32749,610,10745,Americas
2020-06-21,India,425282,13699,237196,174387,14831,445,9468,South-East Asia
2020-06-21,Kenya,4738,123,1607,3008,260,2,21,Africa
2020-06-21,US,2281767,120604,622133,1539030,26439,255,4673,Americas
2020-06-22,India,440215,14011,248190,178014,14933,312,10994,South-East Asia
2020-06-22,Kenya,4797,125,1680,2992,59,2,73,Africa
2020-06-22,US,2312303,121010,640198,1551095,30536,406,18065,Americas
2020-06-23,India,456183,14476,258685,183022,15968,465,10495,South-East Asia
2020-06-23,Kenya,4952,128,1782,3042,155,3,102,Africa
2020-06-23,US,2347491,121847,647548,1578096,35188,837,7350,Americas
2020-06-24,India,473105,14894,271697,186514,16922,418,13012,South-East Asia
2020-06-24,Kenya,5206,130,1823,3253,254,2,41,Africa
2020-06-24,US,2382426,122604,656161,1603661,34935,757,8613,Americas
2020-06-25,India,490401,15301,285637,189463,17296,407,13940,South-East Asia
2020-06-25,Kenya,5384,132,1857,3395,178,2,34,Africa
2020-06-25,US,2422299,125026,663562,1633711,39873,2422,7401,Americas
2020-06-26,India,508953,15685,295881,197387,18552,384,10244,South-East Asia
2020-06-26,Kenya,5533,137,1905,3491,149,5,48,Africa
2020-06-26,US,2467554,125631,670809,1671114,45255,605,7247,Americas
2020-06-27,India,528859,16095,309713,203051,19906,410,13832,South-East Asia
2020-06-27,Kenya,5811,141,1936,3734,278,4,31,Africa
2020-06-27,US,2510259,126120,679308,1704831,42705,489,8499,Americas
2020-06-28,India,548318,16475,321723,210120,19459,380,12010,South-East Asia
2020-06-28,Kenya,6070,143,1971,3956,259,2,35,Africa
2020-06-28,US,2549864,126361,685164,1738339,39605,241,5856,Americas
2020-06-29,India,566840,16893,334822,215125,18522,418,13099,South-East Asia
2020-06-29,Kenya,6190,144,2013,4033,120,1,42,Africa
2020-06-29,US,2590668,126711,705203,1758754,40804,350,20039,Americas
2020-06-30,India,585481,17400,347912,220169,18641,507,13090,South-East Asia
2020-06-30,Kenya,6366,148,2039,4179,176,4,26,Africa
2020-06-30,US,2636414,127432,720631,1788351,45746,721,15428,Americas
2020-07-01,India,604641,17834,359860,226947,19160,434,11948,South-East Asia
2020-07-01,Kenya,6673,149,2089,4435,307,1,50,Africa
2020-07-01,US,2687588,128105,729994,1829489,51174,673,9363,Americas
2020-07-02,India,625544,18213,379892,227439,20903,379,20032,South-East Asia
2020-07-02,Kenya,6941,152,2109,4680,268,3,20,Africa
2020-07-02,US,2742049,128803,781970,1831276,54461,698,51976,Americas
2020-07-03,India,648315,18655,394227,235433,22771,442,14335,South-East Asia
2020-07-03,Kenya,7188,154,2148,4886,247,2,39,Africa
2020-07-03,US,2795361,129442,790404,1875515,53312,639,8434,Americas
2020-07-04,India,673165,19268,409083,244814,24850,613,14856,South-East Asia
2020-07-04,Kenya,7577,159,2236,5182,389,5,88,Africa
2020-07-04,US,2841241,129689,894325,1817227,45880,247,103921,Americas
2020-07-05,India,697413,19693,424433,253287,24248,425,15350,South-East Asia
2020-07-05,Kenya,7886,160,2287,5439,309,1,51,Africa
2020-07-05,US,2891124,129960,906763,1854401,49883,271,12438,Americas
2020-07-06,India,719664,20159,439934,259571,22251,466,15501,South-East Asia
2020-07-06,Kenya,8067,164,2414,5489,181,4,127,Africa
2020-07-06,US,2936077,130285,924148,1881644,44953,325,17385,Americas
2020-07-07,India,742417,20642,456831,264944,22753,483,16897,South-East Asia
2020-07-07,Kenya,8250,167,2504,5579,183,3,90,Africa
2020-07-07,US,2996098,131480,936476,1928142,60021,1195,12328,Americas
2020-07-08,India,767296,21129,476378,269789,24879,487,19547,South-East Asia
2020-07-08,Kenya,8528,169,2593,5766,278,2,89,Africa
2020-07-08,US,3054699,132300,953462,1968937,58601,820,16986,Americas
2020-07-09,India,793802,21604,495513,276685,26506,475,19135,South-East Asia
2020-07-09,Kenya,8975,173,2657,6145,447,4,64,Africa
2020-07-09,US,3117946,133290,969111,2015545,63247,990,15649,Americas
2020-07-10,India,820916,22123,515386,283407,27114,519,19873,South-East Asia
2020-07-10,Kenya,9448,181,2733,6534,473,8,76,Africa
2020-07-10,US,3185737,134101,983185,2068451,67791,811,14074,Americas
2020-07-11,India,849522,22673,534618,292231,28606,550,19232,South-East Asia
2020-07-11,Kenya,9726,184,2832,6710,278,3,99,Africa
2020-07-11,US,3245925,134777,995576,2115572,60188,676,12391,Americas
2020-07-12,India,878254,23174,553471,301609,28732,501,18853,South-East Asia
2020-07-12,Kenya,10105,185,2881,7039,379,1,49,Africa
2020-07-12,US,3304942,135205,1006326,2163411,59017,428,10750,Americas
2020-07-13,India,906752,23727,571460,311565,28498,553,17989,South-East Asia
2020-07-13,Kenya,10294,197,2946,7151,189,12,65,Africa
2020-07-13,US,3364157,135566,1031939,2196652,59215,361,25613,Americas
2020-07-14,India,936181,24309,592032,319840,29429,582,20572,South-East Asia
2020-07-14,Kenya,10791,202,3017,7572,497,5,71,Africa
2020-07-14,US,3431574,136466,1049098,2246010,67417,900,17159,Americas
2020-07-15,India,968857,24914,612768,331175,32676,605,20736,South-East Asia
2020-07-15,Kenya,11252,209,3068,7975,461,7,51,Africa
2020-07-15,US,3498902,137415,1075882,2285605,67328,949,26784,Americas
2020-07-16,India,1003832,25602,635757,342473,34975,688,22989,South-East Asia
2020-07-16,Kenya,11673,217,3638,7818,421,8,570,Africa
2020-07-16,US,3576157,138358,1090645,2347154,77255,943,14763,Americas
2020-07-17,India,1039084,26273,653751,359060,35252,671,17994,South-East Asia
2020-07-17,Kenya,12062,222,3983,7857,389,5,345,Africa
2020-07-17,US,3647715,139266,1107204,2401245,71558,908,16559,Americas
2020-07-18,India,1077781,26816,677423,373542,38697,543,23672,South-East Asia
2020-07-18,Kenya,12750,225,4440,8085,688,3,457,Africa
2020-07-18,US,3711413,140119,1122720,2448574,63698,853,15516,Americas
2020-07-19,India,1118206,27497,700087,390622,40425,681,22664,South-East Asia
2020-07-19,Kenya,13353,234,5122,7997,603,9,682,Africa
2020-07-19,US,3773260,140534,1131121,2501605,61847,415,8401,Americas
2020-07-20,India,1155338,28082,724578,402678,37132,585,24491,South-East Asia
2020-07-20,Kenya,13771,238,5616,7917,418,4,494,Africa
2020-07-20,US,3834677,141025,1160087,2533565,61417,491,28966,Americas
2020-07-21,India,1193078,28732,753050,411296,37740,650,28472,South-East Asia
2020-07-21,Kenya,14168,250,6258,7660,397,12,642,Africa
2020-07-21,US,3899211,142121,1182018,2575072,64534,1096,21931,Americas
2020-07-22,India,1238798,29861,782607,426330,45720,1129,29557,South-East Asia
2020-07-22,Kenya,14805,260,6757,7788,637,10,499,Africa
2020-07-22,US,3970121,143316,1210849,2615956,70910,1195,28831,Americas
2020-07-23,India,1288108,30601,817209,440298,49310,740,34602,South-East Asia
2020-07-23,Kenya,15601,263,7135,8203,796,3,378,Africa
2020-07-23,US,4038816,144430,1233269,2661117,68695,1114,22420,Americas
2020-07-24,India,1337024,31358,849432,456234,48916,757,32223,South-East Asia
2020-07-24,Kenya,16268,274,7446,8548,667,11,311,Africa
2020-07-24,US,4112531,145560,1261624,2705347,73715,1130,28355,Americas
2020-07-25,India,1385635,32060,885573,468002,48611,702,36141,South-East Asia
2020-07-25,Kenya,16643,278,7574,8791,375,4,128,Africa
2020-07-25,US,4178970,146465,1279414,2753091,66439,905,17790,Americas
2020-07-26,India,1435616,32771,917568,485277,49981,711,31995,South-East Asia
2020-07-26,Kenya,17603,280,7743,9580,960,2,169,Africa
2020-07-26,US,4233923,146935,1297863,2789125,54953,470,18449,Americas
2020-07-27,India,1480073,33408,951166,495499,44457,637,33598,South-East Asia
2020-07-27,Kenya,17975,285,7833,9857,372,5,90,Africa
2020-07-27,US,4290259,148011,1325804,2816444,56336,1076,27941,Americas
